Voter,Votes,To
1.?ha2tsmzqhege,11762271.6702?EOS,eoshuobipool??zbeosbp11111?
2.?gyzdcmjwgmge,8749990.0000?EOS,argentinaeos??atticlabeosb??aus1genereos??bitfinexeos1??cryptolions1??cypherglasss??eos42freedom?eosamsterdam??eosauthority??eosbixinboot??eoscafeblock??eoscanadacom??eosdacserver??eosfishrocks?eosliquideos??eosmedinodes??eosnewyorkio??eosnodeonebp??eosriobrazil??eosvenezuela??qxeosqxeosbp?
3.?vehttpexsntj,5000000.9000?EOS,bitfinexeos1??eoshuobipool??zbeosbp11111?
4.?ycheosforzb3,5000000.0000?EOS,zbeosbp11111?
5.?vgjfeslpyznt,4800000.9000?EOS,eosasia11111??eosbeijingbp??eoschaintech??eosfishrocks??eosflytomars??eoshuobipool??eosliquideos?eosorangeeos??eossixparkbp??eosstorebest??greencapital??starteosiobp??strongmonkey??voldemorteos?zbeosbp11111?
6.?gyzdgmbqgage,4296627.2100?EOS,zbeosbp11111?
7.?bitfinexcw13,4000000.0000?EOS,bitfinexeos1??blocksmithio??cryptolions1??eosafricaone??eosamsterdam??eosantpoolbp??eosauthority?eoscanadacom??eoscleanerbp??eosdacserver??eosdotwikibp??eosgenblockp??eosnewyorkio??eosstorebest?eostribeprod??helloeoscnbp??jedaaaaaaaaa??libertyblock??moreisfuture??starteosiobp??teamgreymass?Via Proxy: bitfinexvp13
8.?ha4tqojrgige,3365534.2560?EOS,eosbeijingbp??eoscannonchn??eoshuobipool??eosiomeetone??eosisgravity??eossv12eossv??eoswenzhoubp?qxeosqxeosbp??starteosiobp??unlimitedeos?
9.?geztomjzhage,3148167.0214?EOS,cypherglasss??eosamsterdam??eosauthority??eosnewyorkio??eosswedenorg?
10.?bitfinexcw15,3000000.6000?EOS,bitfinexeos1??blockmatrix1??cryptolions1??eos42freedom??eosantpoolbp??eosauthority??eoscanadacom?eoscleanerbp??eosdotwikibp??eosdublinwow??eosgenblockp??eosliquideos??eosriobrazil??eosstorebest?eosswedenorg??helloeoscnbp??jedaaaaaaaaa??libertyblock??Via Proxy: bitfinexvp15
11.?bitfinexcw21,3000000.6000?EOS,bitfinexeos1??eos42freedom??eosantpoolbp??eosbeijingbp??eoscleanerbp??eosgenblockp??eosliquideos?eosriobrazil??eosstorebest??helloeoscnbp??jedaaaaaaaaa??libertyblock??starteosiobp??teamgreymass?Via Proxy: bitfinexvp21
12.?bitfinexcw22,3000000.6000?EOS,argentinaeos??bitfinexeos1??eos42freedom??eosantpoolbp??eosauthority??eosbeijingbp??eoscafeblock?eoscanadacom??eoscleanerbp??eosgenblockp??eosliquideos??eosnationftw??eosstorebest??eosswedenorg?eostribeprod??helloeoscnbp??jedaaaaaaaaa??libertyblock??moreisfuture??starteosiobp?Via Proxy: bitfinexvp22
13.?bitfinexcw23,3000000.6000?EOS,bitfinexeos1??eos42freedom??eosantpoolbp??eosauthority??eosbeijingbp??eoscanadacom??eoscleanerbp?eosdacserver??eosgenblockp??eosliquideos??eosnewyorkio??eosstorebest??helloeoscnbp??jedaaaaaaaaa?libertyblock??moreisfuture??Via Proxy: bitfinexvp23
14.?bitfinexcw24,3000000.6000?EOS,argentinaeos??bitfinexeos1??eos42freedom??eosafricaone??eosantpoolbp??eoscleanerbp??eosdotwikibp?eosgenblockp??eosliquideos??eosnewyorkio??eosstorebest??helloeoscnbp??jedaaaaaaaaa??libertyblock?moreisfuture??starteosiobp??teamgreymass??Via Proxy: bitfinexvp24
15.?bitfinexcw25,3000000.6000?EOS,argentinaeos??bitfinexeos1??blocksmithio??eos42freedom??eosamsterdam??eosantpoolbp??eosbeijingbp?eoscanadacom??eoscleanerbp??eosdotwikibp??eosgenblockp??eosnationftw??eosnewyorkio??eosriobrazil?eosstorebest??eostribeprod??helloeoscnbp??jedaaaaaaaaa??libertyblock??moreisfuture??starteosiobp?Via Proxy: bitfinexvp25
16.?bitfinexcw31,3000000.6000?EOS,argentinaeos??bitfinexeos1??cryptolions1??eos42freedom??eosafricaone??eosantpoolbp??eosauthority?eosbeijingbp??eoscanadacom??eoscleanerbp??eosdacserver??eosdotwikibp??eosgenblockp??eosliquideos?eosnewyorkio??eosstorebest??eosswedenorg??eostribeprod??helloeoscnbp??jedaaaaaaaaa??libertyblock?moreisfuture??starteosiobp??Via Proxy: bitfinexvp31
17.?bitfinexcw32,3000000.6000?EOS,argentinaeos??bitfinexeos1??blocksmithio??cryptolions1??eos42freedom??eosafricaone??eosamsterdam?eosantpoolbp??eosbeijingbp??eoscanadacom??eoscleanerbp??eosdotwikibp??eosgenblockp??eosnationftw?eosnewyorkio??eosriobrazil??eosstorebest??eosswedenorg??eostribeprod??helloeoscnbp??jedaaaaaaaaa?libertyblock??moreisfuture??starteosiobp??zbeosbp11111??Via Proxy: bitfinexvp32
18.?bitfinexcw33,3000000.6000?EOS,argentinaeos??bitfinexeos1??blocksmithio??cryptolions1??eos42freedom??eosantpoolbp??eoscanadacom?eoscleanerbp??eosdotwikibp??eosgenblockp??eosliquideos??eosnationftw??eosnewyorkio??eosriobrazil?eosstorebest??helloeoscnbp??jedaaaaaaaaa??libertyblock??moreisfuture??starteosiobp??teamgreymass?Via Proxy: bitfinexvp33
19.?bitfinexcw11,3000000.0000?EOS,bitfinexeos1??blocksmithio??cryptolions1??eosantpoolbp??eosauthority??eoscanadacom??eoscleanerbp?eosdotwikibp??eosgenblockp??eosnationftw??eosstorebest??eostribeprod??helloeoscnbp??jedaaaaaaaaa?libertyblock??moreisfuture??starteosiobp??zbeosbp11111??Via Proxy: bitfinexvp11
20.?bitfinexcw12,3000000.0000?EOS,bitfinexeos1??cryptolions1??eos42freedom??eosantpoolbp??eoscanadacom??eoscleanerbp??eosdacserver?eosgenblockp??eosnationftw??eosnewyorkio??eosstorebest??helloeoscnbp??jedaaaaaaaaa??libertyblock?moreisfuture??starteosiobp??Via Proxy: bitfinexvp12
21.?guytcojzguge,2835156.7999?EOS,eoseouldotio??eosnodeonebp??eosyskoreabp?
22.?ge3dknjugige,2790796.3283?EOS,argentinaeos??costaricaeos??cryptolions1??eosmesodotio??eosnairobike??eosphereiobp??eosvenezuela?
23.?hazdcojrgyge,2539882.7921?EOS,hexlantttttt?
24.?ge3danrsg4ge,2499990.0000?EOS,cypherglasss??eosamsterdam??eosauthority??eosnewyorkio??eosriobrazil??eosswedenorg??teamgreymass?
25.?gy2tkojrg4ge,2261947.8678?EOS,eosantpoolbp??eosbeijingbp??eosbixinboot??eoscannonchn??eoscybexiobp??eosecoeoseco??eoshuobipool?eosiomeetone??eosisgravity??eossv12eossv??eoswenzhoubp??helloeoscnbp??jedaaaaaaaaa??jrrcryptoeos?oraclegogogo??starteosiobp??unlimitedeos?
26.?vxihohamwddj,2256000.9000?EOS,eosantpoolbp??eoscannonchn??geosoneforbp??oraclegogogo??starteosiobp?
27.?gm3dcnqgenes,2090957.1898?EOS,argentinaeos??aus1genereos??bitfinexeos1??cryptolions1??cypherglasss??eos42freedom??eosamsterdam?eosauthority??eoscafeblock??eoscanadacom??eoscannonchn??eosdacserver??eosdublinwow??eoseouldotio?eosflytomars??eosgenblockp??eosiomeetone??eosisgravity??eoslaomaocom??eosliquideos??eosnationftw?eosnewyorkio??eosriobrazil??eosswedenorg??eosyskoreabp??jedaaaaaaaaa??libertyblock??sheos21sheos?teamgreymass??tokenika4eos?
28.?guztoojqgege,2069627.1732?EOS,acroeos12345??bp2bp2bp2bp2??bpacbpacbpac??bpkhmereoskh??eosfishrocks??eosholdings1??eoshuobipool?eosliquideos??eosvietnambp??libertyblock??philippinebp??sheos21sheos?
29.?gmytmnjxhege,2005988.6075?EOS,argentinaeos??aus1genereos??cryptolions1??eos42freedom??eosafricaone??eosamsterdam??eosasia11111?eoscafeblock??eosdublinwow??eoseouldotio??eosfishrocks??eosiomeetone??eoslaomaocom??eosliquideos?eosnairobike??eosnationftw??eosnewyorkio??eosnodeonebp??eosphereiobp??eosriobrazil??eossv12eossv?eosswedenorg??eostribeprod??eosvenezuela??eosyskoreabp??hkeoshkeosbp??libertyblock??sheos21sheos?teamgreymass??tokenika4eos?
30.?vtdrjyxkwysj,2000000.9000?EOS,aus1genereos??bitfinexeos1??blockmatrix1??cryptolions1??dposclubprod??eosantpoolbp??eosasia11111?eosbeijingbp??eosbixinboot??eoscannonchn??eosecoeoseco??eoseouldotio??eosflytomars??eoshuobipool?eosiomeetone??eosisgravity??eoslaomaocom??eosriobrazil??eosstorebest??eossv12eossv??eosthushuimu?eostribeprod??eosunion1111??geosoneforbp??helloeoscnbp??hkeoshkeosbp??jrrcryptoeos??oraclegogogo?sheleaders21??sheos21sheos?
31.?eosforbp2222,2000000.0000?EOS,bitfinexeos1??eoshuobipool??zbeosbp11111?
32.?yangeosforz4,2000000.0000?EOS,zbeosbp11111?
33.?gq2dmnqgenes,1893144.4898?EOS,cypherglasss??eoscafeblock??eoscanadacom??eosswedenorg?
34.?eosforbp1111,1500000.0000?EOS,bitfinexeos1??eosbixinboot??eoshuobipool??eosunion1111??zbeosbp11111?
35.?eosforbp3333,1500000.0000?EOS,bitfinexeos1??eosbixinboot??eoshuobipool??eospacificbp??eosunion1111??zbeosbp11111?
36.?gq2tknagenes,1442901.2037?EOS,cypherglasss??eoscafeblock??eosswedenorg?
37.?gy3dgojyhage,1400000.0000?EOS,atticlabeosb??eosbeijingbp??eosbixinboot??eoscannonchn??eosfishrocks??eosflytomars??eosgalaxybp1?eosiomeetone??eosmedinodes??eosstorebest??geosoneforbp??helloeoscnbp??oraclegogogo??qxeosqxeosbp?sheleaders21??starteosiobp?
38.?heytcmbqgage,1367442.9778?EOS,eoscybexiobp??eosflytomars??eoswancloud1?
39.?ha4tsmrthage,1169312.3050?EOS,eosantpoolbp??eosasia11111??eosbeijingbp??eosbixinboot??eoscanadacom??eoscannonchn??eosflytomars?eoshuobipool??eosiomeetone??eosisgravity??eossv12eossv??eostark11111??eosunion1111??eoswancloud1?eoswenzhoubp??jedaaaaaaaaa??oraclegogogo??sheleaders21??starteosiobp?
40.?gi2dgnzzgige,1109355.4315?EOS,bp2bp2bp2bp2??bpacbpacbpac??bpkhmereoskh??eosfishrocks??eoslaomaocom??eosliquideos??eosonoeosono?eosvietnambp??libertyblock??philippinebp??sheos21sheos?
41.?ge3tanjxgige,1051101.1110?EOS,cypherglasss?
42.?gu2tkmztgige,1037909.1732?EOS,eosasia11111??eosbeijingbp??eosbixinboot??eoscannonchn??eosecoeoseco??eosfishrocks??eosflytomars?eosisgravity??eoslaomaocom??eoslawyereos??eosmedinodes??eospacificbp??eosstorebest??eostark11111?geosoneforbp??helloeoscnbp??jrrcryptoeos??okcapitalbp1??qxeosqxeosbp??sheleaders21??starteosiobp?zbeosbp11111?
43.?yangeosforz1,1000002.0000?EOS,eosbixinboot??eosunion1111??zbeosbp11111?
44.?daoxiangququ,1000000.0000?EOS,eosbeijingbp??eoscleanerbp??eosdotwikibp??eosflytomars??eoshuobipool??moreisfuture??starteosiobp?
45.?daoxiangqvqv,1000000.0000?EOS,eosbeijingbp??eoscleanerbp??eosdotwikibp??eosflytomars??eoshuobipool??moreisfuture??starteosiobp?
46.?falleninlove,1000000.0000?EOS,eosantpoolbp??eosbeijingbp??eosbixinboot??eoscleanerbp??eosdotwikibp??eosfishrocks??eosflytomars?eoshuobipool??eosisgravity??eoslaomaocom??eosunion1111??moreisfuture??oraclegogogo??qxeosqxeosbp?sheleaders21??starteosiobp?
47.?folleninlove,1000000.0000?EOS,eosantpoolbp??eosbeijingbp??eosbixinboot??eoscleanerbp??eosdotwikibp??eosfishrocks??eosflytomars?eoshuobipool??eosisgravity??eosunion1111??moreisfuture??oraclegogogo??qxeosqxeosbp??starteosiobp?
48.?yangeosforz5,1000000.0000?EOS,zbeosbp11111?
49.?gi2tamigenes,984961.5102?EOS,bitfinexeos1??eosasia11111??eosauthority??eosbeijingbp??eosbixinboot??eoscafeblock??eoscanadacom?eoscannonchn??eosdacserver??eosflytomars??eosgalaxybp1??eoshcchealth??eoshenzhenio??eoshuobipool?eosiomeetone??eosisgravity??eoslaomaocom??eosnationftw??eosnewyorkio??eospacificbp??eosstorebest?eossv12eossv??eosukblocpro??eosunion1111??eosvillagebp??eoswenzhoubp??helloeoscnbp??hkeoshkeosbp?oraclegogogo??top111111111?
50.?gm3tknrrguge,889824.7709?EOS,eosliquideos?
51.?gu2dgnbyhege,864113.8794?EOS,1eostheworld?
52.?gu3domzrhege,806064.6446?EOS,bp2bp2bp2bp2??eoscannonchn??eoscybexiobp??eosdanhuausa??eosflytomars??eosiosg11111??eosnodeonebp?eosstorebest??eosswedenorg??eostark11111??eoswancloud1??jrrcryptoeos??libertyblock??sheos21sheos?starteosiobp?
53.?geytgnrvgege,726487.6073?EOS,eosasia11111??eosbeijingbp??eosbixinboot??eoscannonchn??eosflytomars??eosisgravity??eosnodeonebp?eostark11111??geosoneforbp??helloeoscnbp??jrrcryptoeos??oraclegogogo??sheleaders21?
54.?gm2tcobtg4ge,705397.0111?EOS,123singapore??argentinaeos??atticlabeosb??eosantpoolbp??eosbeijingbp??eosbixinboot??eoscannonchn?eosfishrocks??eosflytomars??eoshenzhenio??eosisgravity??eoslaomaocom??eoslawyereos??eosmedinodes?eosstorebest??eosunion1111??eoswancloud1??geosoneforbp??jrrcryptoeos??oraclegogogo??qxeosqxeosbp?sheleaders21??starteosiobp?
55.?hazdqojtgqge,684267.7698?EOS,blockmatrix1??bp2bp2bp2bp2??bpacbpacbpac??bpkhmereoskh??eoscafeblock??eosdublinwow??eosholdings1?eosmetaliobp??eosnairobike??eossocalprod??eostribeprod??eosvietnambp??hkeoshkeosbp??libertyblock?philippinebp??sheleaders21??sheos21sheos??tokenika4eos?
56.?geydiobzg4ge,673280.4385?EOS,eosadddddddd??eosasia11111??eosbixinboot??eoscannonchn??eosdacserver??eosecoeoseco??eosflytomars?eoshenzhenio??eosisgravity??eoslaomaocom??eosstorebest??eosunion1111??geosoneforbp??helloeoscnbp?jedaaaaaaaaa??jrrcryptoeos??oraclegogogo??starteosiobp??unlimitedeos??zbeosbp11111?
57.?gy2dgmrshage,650861.6057?EOS,argentinaeos??aus1genereos??cryptolions1??eos42freedom??eosafricaone??eosamsterdam??eosasia11111?eoscafeblock??eosdublinwow??eoseouldotio??eosfishrocks??eosiomeetone??eoslaomaocom??eosliquideos?eosnairobike??eosnationftw??eosnewyorkio??eosnodeonebp??eosphereiobp??eosriobrazil??eossv12eossv?eosswedenorg??eostribeprod??eosvenezuela??eosyskoreabp??hkeoshkeosbp??libertyblock??sheos21sheos?teamgreymass??tokenika4eos?
58.?geytkmbvgene,612300.2727?EOS,bitfinexeos1??blocksmithio??chainriftxxx??cryptolions1??cypherglasss??eos42freedom??eosantpoolbp?eosasia11111??eosauthority??eoscanadacom??eoscannonchn??eoseouldotio??eosflytomars??eoshenzhenio?eoshuobipool??eosnationftw??eosnewyorkio??eosnodeonebp??eosriobrazil??eosswedenorg??eostitanprod?eosyskoreabp??sheos21sheos??teamgreymass??Via Proxy: eostitanvote
59.?giytimrsgage,609571.0000?EOS,eosbixinboot??eoscanadacom??eosisgravity??eoslaomaocom??eosnewyorkio??eospaceioeos??eosstorebest?helloeoscnbp?
60.?gizdmmbxhage,550985.0000?EOS,eosbeijingbp??eosbixinboot??eoscannonchn??eosflytomars??eosiomeetone??eosisgravity??eoslaomaocom?eoswenzhoubp??starteosiobp?
61.?guytonjyg4ge,544541.4267?EOS,acroeos12345??blockmatrix1??bp2bp2bp2bp2??bpacbpacbpac??bpkhmereoskh??cryptolions1??eos42freedom?eosarabianet??eosasia11111??eoscafeblock??eoscanadacom??eoscannonchn??eosdacserver??eosfishrocks?eosholdings1??eosliquideos??eosmetaliobp??eosnairobike??eosnationftw??eosnewyorkio??eosnodeonebp?eosriobrazil??eossocalprod??eosswedenorg??eostribeprod??eosvietnambp??libertyblock??sheos21sheos?tokenika4eos?
62.?giytemzxgege,533421.1331?EOS,eosliquideos?
63.?ha4dcobvgmge,507007.3135?EOS,bpacbpacbpac?
64.?gm4toojqgige,504304.9254?EOS,eosasia11111??eosbeijingbp??eosbixinboot??eoscannonchn??eoscybexiobp??eosiomeetone??eosnewyorkio?eospaceioeos??eosstorebest??eosunion1111??helloeoscnbp??jrrcryptoeos??oraclegogogo?
65.?vzbcshfdktjx,500000.9000?EOS,blockgenicbp??eosbixinboot??geosoneforbp??sheleaders21??unlimitedeos?
66.?yangeosforz3,500000.0000?EOS,eosbixinboot??eosunion1111??zbeosbp11111?
67.?vlwvbjwwvbkd,492000.9000?EOS,eosbeijingbp??eosstorebest?
68.?guztgojug4ge,480330.0000?EOS,eosyskoreabp?
69.?gu3tenagenes,473379.9449?EOS,libertyblock?
70.?hezdeojuhege,462668.0000?EOS,eosiomeetone?
71.?gy2dcoigenes,407233.7302?EOS,bitfinexeos1??blocksmithio??chainriftxxx??cryptolions1??cypherglasss??eos42freedom??eosantpoolbp?eosasia11111??eosauthority??eoscanadacom??eoscannonchn??eoseouldotio??eosflytomars??eoshenzhenio?eoshuobipool??eosnationftw??eosnewyorkio??eosnodeonebp??eosriobrazil??eosswedenorg??eostitanprod?eosyskoreabp??sheos21sheos??teamgreymass??Via Proxy: eostitanvote
72.?g4ydmmjzg4ge,399990.0000?EOS,eosliquideos?
73.?gyztqobsgege,398000.0000?EOS,eosantpoolbp??eoscannonchn??eosholdings1??eosnewyorkio??eosyskoreabp??jedaaaaaaaaa??sheos21sheos?stakedstaked?
74.?gu4tqnagenes,388841.9241?EOS,tokenika4eos?
75.?gi4dinbvhege,373467.3055?EOS,alohaeosprod??argentinaeos??aus1genereos??bitspacenode??blockmatrix1??blocksmithio??costaricaeos?dutcheosxxxx??emergepoland??eos42freedom??eosafricaone??eosamericas2??eosamsterdam??eoscanadacom?eosdacserver??eosdublinwow??eosiodetroit??eosmetaliobp??eosnairobike??eosonoeosono??eosphereiobp?eosriobrazil??eosswedenorg??eostribeprod??eosvibesbloc??libertyblock??saltblockeos??sheos21sheos?teamgreymass??tokenika4eos?
76.?ge2temzwgyge,346180.4046?EOS,blockgenicbp??eosantpoolbp??eosbixinboot??eosflytomars??eosiomeetone??eoslaomaocom??eosonoeosono?eosstorebest??geosoneforbp??jrrcryptoeos??okcapitalbp1??onechaindapp??oraclegogogo??qxeosqxeosbp?sheleaders21??sheos21sheos??starteosiobp??unlimitedeos?
77.?gezdeojxgqge,339736.6641?EOS,argentinaeos??blockgenicbp??chainclubeos??eosantpoolbp??eosbepalsafe??eosbixinboot??eoscannonchn?eosflytomars??eosgalaxybp1??eoshenzhenio??eosisgravity??eoslaomaocom??eoslawyereos??eosninetiess?eospacificbp??eosswedenorg??eosunion1111??eoswenzhoubp??geosoneforbp??jedaaaaaaaaa??jrrcryptoeos?nodeshanghai??okcapitalbp1??onechaindapp??oraclegogogo??philippinebp??qxeosqxeosbp??sheleaders21?starteosiobp??unlimitedeos?
78.?geydonbsgene,322124.2219?EOS,argentinaeos??cypherglasss??eosauthority??eoscanadacom??eosnewyorkio??eosyskoreabp??sheos21sheos?
79.?vcbvryecdfmf,318742.9000?EOS,123singapore??argentinaeos??eos42freedom??eosasia11111??eosbeijingbp??eosbixinboot??eoscanadacom?eoscannonchn??eoscybexiobp??eosdacserver??eoseouldotio??eosgermanybp??eosholdings1??eoshuobipool?eosiomeetone??eosiosg11111??eosisgravity??eosjapanclub??eoslaomaocom??eosnewyorkio??eosstorebest?eossv12eossv??eosswedenorg??eosukblocpro??eosunion1111??eosyskoreabp??helloeoscnbp??hkeoshkeosbp?sheos21sheos??zbeosbp11111?
80.?haztgobzgage,316222.9803?EOS,eoshenzhenio??eosswedenorg?
81.?vfxrjdhchveu,314757.9000?EOS,oraclegogogo?
82.?gqytkobqgyge,305050.3503?EOS,blockgenicbp??blockmatrix1??bp2bp2bp2bp2??eos42freedom??eoscannonchn??eosdacserver??eosswedenorg?hkeoshkeosbp??libertyblock??sheos21sheos?
83.?ha2tcojygene,303940.3905?EOS,eosswedenorg?
84.?gm3dsnjzguge,303368.6916?EOS,chainclubeos??cryptolions1??eosafricaone??eosasia11111??eosauthority??eoscanadacom??eoscannonchn?eosdublinwow??eosecoeoseco??eoseouldotio??eosgreeniobp??eoshenzhenio??eosisgravity??eoslaomaocom?eosnewyorkio??eosswedenorg??eostitanprod??eosunion1111??geosoneforbp??helloeoscnbp??hkeoshkeosbp?oraclegogogo??saltblockeos?
85.?gmzdkojrgene,300904.7315?EOS,aus1genereos??blockmatrix1??bp2bp2bp2bp2??cryptolions1??eos42freedom??eosafricaone??eosamsterdam?eosauthority??eosbarcelona??eoscafeblock??eosfishrocks??eosmedinodes??eosnationftw??eosnewyorkio?eosriobrazil??eosrussiacom??eosswedenorg??eosvancouver??eosvietnambp??eoszonrussia??gy3dqnjtgyge?ha4daobxg4ge??hkeoshkeosbp??jedaaaaaaaaa??philippinebp??privexinceos??sheos21sheos?
86.?vhudjpihkkbr,300000.9000?EOS,eosantpoolbp??eosbeijingbp??eosbixinboot??eoscannonchn??eoseouldotio??eosisgravity??eosstorebest?eossv12eossv??helloeoscnbp??jrrcryptoeos??oraclegogogo?
87.?g43dknztgene,299999.5000?EOS,argentinaeos??aus1genereos??bitspacenode??blocksmithio??cypherglasss??eos42freedom??eosafricaone?eosauthority??eoscafeblock??eoscanadacom??eoscybexiobp??eosdublinwow??eosfishrocks??eoshuobipool?eosisgravity??eosnairobike??eosnationftw??eosnewyorkio??eosnodeonebp??eosonoeosono??eosriobrazil?eosswedenorg??eosyskoreabp??helloeoscnbp??hkeoshkeosbp??keoskorea111??libertyblock??teamgreymass?
88.?heytqnrygige,269989.8515?EOS,bp2bp2bp2bp2??eos42freedom??eoscannonchn??eosflytomars??eosstorebest??eosswedenorg??libertyblock?sheos21sheos?
89.?ge3tenzwgene,261369.3479?EOS,blockcceosio??daoeosbpbwin??dposclubprod??eosantpoolbp??eosasia11111??eosbeijingbp??eosbepalsafe?eoscannonchn??eoscocoshost??eoscube11111??eoscybexiobp??eosecoeoseco??eosflytomars??eosgamesboot?eoshuobipool??eosisgravity??eoslawyereos??eosonoeosono??eospaceioeos??eospalliumss??eosstorebest?eostark11111??eosthushuimu??eosunion1111??eoswenzhoubp??eoswtzeoswtz??helloeoscnbp??oraclegogogo?sheleaders21??superoneiobp?
90.?gy2dknbsgmge,253198.2431?EOS,argentinaeos??aus1genereos??bitspacenode??blockchained??blocksmithio??costaricaeos??cryptolions1?cypherglasss??eosamsterdam??eosasia11111??eosauthority??eoscafeblock??eoscanadacom??eosdacserver?eosiodetroit??eosiomeetone??eosisgravity??eosliquideos??eosnairobike??eosnewyorkio??eospaceioeos?eosriobrazil??eosswedenorg??eostribeprod??eosvenezuela??eosvibesbloc??helloeoscnbp??libertyblock?sheos21sheos?
91.?guzdsnzqg4ge,252208.2008?EOS,argentinaeos??bitspacenode??blockchained??bpacbpacbpac??costaricaeos??cryptolions1??dutcheosxxxx?eos42freedom??eosamsterdam??eosauthority??eoscanadacom??eosdacserver??eosdublinwow??eosgermanybp?eosiomeetone??eosliquideos??eosmetaliobp??eosnairobike??eosnetworkio??eosnewyorkio??eosphereiobp?eosriobrazil??eosswedenorg??eostribeprod??eosvibesbloc??eosyskoreabp??hkeoshkeosbp??sheos21sheos?teamgreymass??tokenika4eos?
92.?ge3tmnzygege,243276.8984?EOS,bp2bp2bp2bp2??eos42freedom??eoscannonchn??eosflytomars??eosstorebest??eosswedenorg??libertyblock?sheos21sheos?
93.?gyydsnrsgage,237054.5055?EOS,acroeos12345??bitfinexeos1??blockmatrix1??bp2bp2bp2bp2??bpkhmereoskh??cryptolions1??cypherglasss?eosasia11111??eosbeijingbp??eoscanadacom??eosdublinwow??eosfishrocks??eoshenzhenio??eoslaomaocom?eosliquideos??eosmetaliobp??eosmotioneos??eosnairobike??eosonoeosono??eossocalprod??eostribeprod?eosvietnambp??eosyskoreabp??hkeoshkeosbp??libertyblock??philippinebp??saltblockeos??sheos21sheos?teamgreymass??tokenika4eos?
94.?vylnlpatmpni,226776.9000?EOS,eoscannonchn??eosflytomars??eoshcchealth??eosiomeetone??eosiosg11111??eospacificbp??eosstorebest?eossv12eossv??qxeosqxeosbp??sheleaders21??top111111111?
95.?gu3dsnbwgige,225186.2440?EOS,eosauthority??eoscanadacom??eosdacserver??eoseouldotio??eosnewyorkio??eosnodeonebp??eospaygatebp?eosyskoreabp??keoskorea111??teamgreymass?
96.?ha4dqmigenes,221144.1175?EOS,eoscanadacom??eoscannonchn??eosisgravity??eosnewyorkio??eosphereiobp??eosyskoreabp?
97.?haydemigenes,210381.6170?EOS,blockeosioio??eosnationftw?
98.?vzzcnsgmmecq,206509.9000?EOS,eosadddddddd?
99.?vwvxhvohzely,200383.9000?EOS,eosasia11111??eosbeijingbp??eoscannonchn??eoscybexiobp??eoshenzhenio??eosiomeetone??eosstorebest?eossv12eossv??eosunion1111??helloeoscnbp??oraclegogogo??unlimitedeos?
100.?vczyeuludpja,200000.9000?EOS,eosstorebest?
