Owner,All,Used
wangruixiwww,1.76 GB,4.19 KB
sayyousayme1,1.69 GB,3.05 KB
gy2dcmjzgige,750.07 MB,3.81 KB
gu4denrygyge,748.71 MB,3.53 KB
godofwealths,701.03 MB,3.6 KB
bijingaaaaaa,608.27 MB,3.88 KB
gm3doobqgene,595.87 MB,3.72 KB
gm3dkgenesis,438.79 MB,3.54 KB
btsgogo12345,433.95 MB,3.53 KB
ge4dfojwgage,422.4 MB,3.52 KB
afan11111111,374.98 MB,3.49 KB
eparticlectr,357.89 MB,3.05 KB
gqztmnjsgqge,345.58 MB,3.52 KB
eoskkkkkkeos,344.74 MB,4.54 KB
prochaintech,331.59 MB,2.93 KB
gy2dmnbxhage,327.95 MB,3.81 KB
eosmoonfund1,305.52 MB,3.49 KB
rammmmmmmmmm,292.76 MB,3.05 KB
gi3dgnygenes,287.0 MB,3.93 KB
eosramdealer,281.79 MB,3.49 KB
gy4tiobtgene,277.38 MB,3.58 KB
4413312wuszt,267.49 MB,3.37 KB
guytqmbwgyge,259.96 MB,3.37 KB
eosrambanker,256.4 MB,3.5 KB
bigdickrocks,249.34 MB,3.95 KB
gu3dmojygyge,247.8 MB,3.83 KB
wojiaohuluwa,241.89 MB,3.49 KB
ramflytomoon,241.3 MB,4.07 KB
ge3tcmjqgene,239.19 MB,190.65 KB
wuxiekeji123,230.87 MB,3.49 KB
gmztsobtguge,224.72 MB,4.83 KB
geytknzxguge,217.04 MB,4.39 KB
geydqnrtgene,214.65 MB,5.01 KB
gu2dkmjvgige,213.23 MB,3.82 KB
panda1111111,211.52 MB,3.88 KB
g44dqnztgige,207.73 MB,3.39 KB
gu3demrvgmge,206.93 MB,4.2 KB
bitfinexxivl,204.07 MB,3.49 KB
ge4dsmzvguge,198.33 MB,4.09 KB
wzmzilei4444,188.08 MB,4.31 KB
ge4tqojwgage,185.14 MB,5.47 KB
haztcnbqgmge,183.41 MB,3.49 KB
eospocketwzg,175.6 MB,3.52 KB
giztsobqgige,174.65 MB,3.52 KB
eosxiangtian,167.64 MB,3.49 KB
gq4demjrhege,161.63 MB,3.72 KB
airdropsdac1,161.0 MB,3.72 KB
gyzdanzqgage,160.7 MB,4.81 KB
www111111com,159.43 MB,4.08 KB
ge2tgmzsg4ge,158.03 MB,3.37 KB
ha4dsnqgenes,155.93 MB,3.5 KB
g44tinjrgqge,149.87 MB,3.5 KB
gyztsnbsgege,147.28 MB,3.44 KB
ha2dmobrgage,143.9 MB,3.5 KB
gyyagenesis1,141.13 MB,3.51 KB
giytemzyhege,140.13 MB,4.96 KB
ha3tsnzzhege,139.83 MB,191.04 KB
gy4tsmzwguge,139.62 MB,3.6 KB
followwithme,136.47 MB,3.49 KB
geydmmbugene,136.15 MB,4.08 KB
ha2tcmbzguge,134.87 MB,3.53 KB
gq3dinjsgmge,134.87 MB,3.97 KB
otcotcotcotc,134.56 MB,3.49 KB
ge2dmnzwg4ge,130.65 MB,3.5 KB
cosplaystore,127.85 MB,3.6 KB
gezdgnbygmge,126.62 MB,4.01 KB
guytiobzguge,126.38 MB,5.24 KB
g44demzqgyge,125.92 MB,3.49 KB
gezdonjthege,124.92 MB,3.58 KB
hazdgmjwguge,123.79 MB,3.65 KB
gu3teobsgige,122.03 MB,21.82 KB
gyztanbxhage,121.81 MB,3.72 KB
woshilucifer,119.88 MB,3.49 KB
gq2tembugage,118.08 MB,3.49 KB
raaaaaaaaaam,117.79 MB,3.88 KB
ge2dqojzgyge,115.23 MB,3.85 KB
ss1111111111,112.79 MB,190.89 KB
haytmnjwgyge,112.48 MB,3.83 KB
prospectors1,111.89 MB,3.97 KB
1.21212E+11,111.8 MB,3.1 KB
hedflytomoon,110.16 MB,3.49 KB
gy2dsnzzhege,109.8 MB,3.5 KB
gyzdcmbsgege,109.02 MB,3.96 KB
eosramtomoon,108.62 MB,3.49 KB
haytqmbsgyge,108.61 MB,3.6 KB
justkeepcold,107.82 MB,3.05 KB
gu4dcnruguge,106.3 MB,3.61 KB
heytenbzgige,105.16 MB,3.51 KB
wyweoswyw123,104.1 MB,3.49 KB
gezdenjsgige,101.51 MB,3.85 KB
haydinrzhage,101.25 MB,3.85 KB
gqztqmzvgege,99.36 MB,3.84 KB
guztknrygqge,98.34 MB,207.62 KB
avavavavavav,97.35 MB,3.49 KB
heytsmzqgmge,96.31 MB,4.33 KB
wangboyuancn,95.47 MB,3.49 KB
1ram2ram3ram,94.21 MB,3.49 KB
g4ydamjrgege,92.68 MB,3.62 KB
eoseosmaling,92.55 MB,3.72 KB
gezdanbwg4ge,90.13 MB,4.74 KB
mazhen121121,88.41 MB,3.49 KB
gy2dkojxgqge,88.23 MB,3.64 KB
gu2dknrrguge,88.11 MB,3.51 KB
ge2tomrxguge,86.77 MB,3.8 KB
giytonzxgage,86.24 MB,4.08 KB
wownumaeosio,85.88 MB,3.49 KB
johnsonya521,85.05 MB,3.49 KB
ge2dgnbqgige,84.99 MB,4.08 KB
g42dambzhage,84.53 MB,3.63 KB
ge3tsmjwhege,82.64 MB,4.83 KB
laojiucai123,80.65 MB,3.49 KB
biochemistry,79.22 MB,3.49 KB
gqydqmjugage,78.54 MB,3.79 KB
giytcnbzgene,78.2 MB,3.52 KB
g43tcmrzguge,77.9 MB,3.96 KB
giztsobsg4ge,77.22 MB,3.49 KB
whoisyourmom,77.11 MB,3.65 KB
gy2dcmrtgmge,75.79 MB,3.37 KB
ge3tmnrygage,75.63 MB,3.6 KB
hnxchexiuwei,75.49 MB,3.37 KB
eoszhoudc123,74.77 MB,3.05 KB
geztenbzhage,74.44 MB,4.11 KB
gqztcnrxgege,71.58 MB,4.28 KB
gi4dkmbzgmge,71.03 MB,3.49 KB
g4ydenjwg4ge,70.49 MB,3.78 KB
wzmzilei5555,69.99 MB,4.08 KB
eostomyheart,68.93 MB,3.84 KB
guydcmjzgmge,66.51 MB,3.81 KB
dingpei12345,65.53 MB,3.49 KB
qzghostxfhll,65.49 MB,3.88 KB
hashuntertp1,64.6 MB,3.49 KB
haytinbthege,64.55 MB,3.68 KB
haydamjugyge,64.06 MB,4.05 KB
haydinjuhage,63.11 MB,3.61 KB
g43tkojqgyge,62.37 MB,3.71 KB
gyytmmbsguge,62.28 MB,3.51 KB
guzdknjqg4ge,60.56 MB,3.49 KB
g44tmnbqguge,60.13 MB,3.49 KB
eosshijiebei,60.01 MB,3.64 KB
ha4dsmjyhage,59.41 MB,3.49 KB
eosmoon12345,59.27 MB,3.98 KB
ha3tsmzthage,59.18 MB,3.72 KB
haydknzthege,58.85 MB,3.83 KB
gyztenztgege,58.56 MB,3.8 KB
gy4tqmzugage,58.52 MB,3.81 KB
yueqiwallet1,57.69 MB,3.49 KB
gy2tcnrtgmge,56.72 MB,3.66 KB
taishaneosio,56.71 MB,3.96 KB
g44dqnygenes,56.35 MB,3.72 KB
ixuixuixu123,56.29 MB,3.72 KB
huodong12345,56.02 MB,3.94 KB
heydamrwgqge,54.9 MB,3.84 KB
zhoujiandang,54.58 MB,3.53 KB
gmzdinjxg4ge,54.24 MB,3.51 KB
eoskekoukele,53.27 MB,3.68 KB
dhj111111111,53.26 MB,3.72 KB
guztimjvgage,52.96 MB,3.57 KB
g43tmmbqgige,52.88 MB,4.04 KB
g44tqnzrg4ge,52.63 MB,4.42 KB
g43timrxgige,52.46 MB,3.72 KB
gezdmmrqguge,52.46 MB,3.49 KB
eostitanramm,51.97 MB,2.93 KB
eos121game11,51.87 MB,3.49 KB
gm4tmmigenes,51.75 MB,3.76 KB
jasonhuangsh,51.35 MB,3.49 KB
gi3dgmbygage,51.18 MB,3.51 KB
ha4dcmjwgege,51.16 MB,3.37 KB
eos135zgcoin,50.84 MB,3.49 KB
giytgnbtgene,50.83 MB,3.65 KB
gi2timqgenes,50.26 MB,3.5 KB
tristan11111,49.84 MB,3.65 KB
52aixuanxuan,49.76 MB,3.91 KB
heytcojtgqge,48.7 MB,4.28 KB
tangzhs12345,48.57 MB,3.98 KB
g42tsmjwgige,48.35 MB,3.49 KB
ha2dqnrwhege,48.17 MB,4.08 KB
gm3tcnbvg4ge,48.08 MB,6.69 KB
gizdkmrxhage,48.01 MB,3.52 KB
peter11peter,48.0 MB,3.49 KB
gyztsnbsgmge,46.8 MB,3.5 KB
snowbean1212,46.63 MB,4.31 KB
luluqianbao5,46.38 MB,3.88 KB
horustokenio,46.31 MB,37.69 MB
gu4toobvhage,45.62 MB,3.49 KB
gu4diobrgege,45.6 MB,3.86 KB
eosdaytrader,45.47 MB,3.6 KB
gm3taojqgage,44.98 MB,3.53 KB
ccccccaaaaaa,44.91 MB,3.49 KB
yinhedadi123,44.76 MB,3.54 KB
liuziyulove1,44.67 MB,3.6 KB
heytonjxhage,44.28 MB,3.65 KB
wenqinvcfund,43.6 MB,3.65 KB
kedartheiyer,43.09 MB,4.9 KB
likunyingeos,42.78 MB,3.56 KB
he2tanjwgene,42.35 MB,3.51 KB
gezdqmjsgege,41.99 MB,3.81 KB
heytgmjwgage,41.63 MB,3.49 KB
guzdonrrguge,41.52 MB,4.22 KB
bolanbolan11,41.27 MB,3.49 KB
changshi2555,41.04 MB,3.49 KB
