1,eosio.stake,770223740.7
2,bitfinexcw14,41765721.78
3,hezdeobug4ge,35277317.22
4,walletdunamu,24424079.63
5,vwgumvhjzkvn,21951909
6,hezdeobugage,20675046
7,winterishere,16065696
8,hezdeobuhege,13551738
9,giytemzyhege,6000000
10,ha2tmmjygige,5200098
11,ycheosforzb3,5000002
12,ycheosforzb4,4997002
13,hazdcojrgyge,3489699.9
14,eosio.unregd,3301220.364
15,krakenkraken,3083503.064
16,gateiowallet,2256750.994
17,gq4dinigenes,2243164.433
18,otcbtcdotcom,1170033.99
19,wangruixiwww,1154449
20,eosio.saving,1069515.812
21,bitfinexdep1,727622.9947
22,haztmmbsgyge,671250
23,eosio.ram,645052.8644
24,vgavtyivxkfj,519236
25,ycheosforzb1,502003
26,gy4tiobtgene,398903.0587
27,protokenbank,374875.7492
28,g4ytiobtgige,370181.7758
29,eidnc131zcxz,300000.5
30,gu4denrygyge,219426.3289
31,ge2tiobzhage,203287.7436
32,gu3dsnbvhage,190000.7298
33,giytoobtg4ge,186408.8109
34,gm3timruguge,154799.2754
35,gq4demjrhege,140153.7891
36,gu3dembzgqge,138668.821
37,gm2tmmjrgene,134534.8127
38,gi3dgnygenes,134322.2161
39,gmytknjqgene,132837.7656
40,otcbtcdotnet,121067.6309
41,ge3dgnzygmge,119999.7471
42,chainceoneos,118404.4678
43,gqytsmzzgege,114505.0222
44,gmzdemjxgyge,113791.06
45,g4ydinjwhage,109231.0522
46,g4ytsmzsgege,108830.5268
47,ha3donbuhage,104504.796
48,gqytiobtgage,103497.3943
49,gq2tanbwg4ge,103255.0356
50,gi3deobrhage,100009.9256
51,gm4tcoigenes,98536.9458
52,cesaraccount,92522.86
53,gy3domrwg4ge,92489.3262
54,g42dsnruhege,86120.0644
55,gu4tonzzgyge,85725.3772
56,ge2domzqgige,85623.047
57,g43dcmbygqge,85319.9001
58,geydsobsgage,84998.5176
59,gu4tomjrhage,82867.4368
60,ge3dcobygene,82865.7298
61,hezdenbyhege,79472.8044
62,ge2dimbqgige,78561.1117
63,gm3denbwguge,77000
64,ge4tknzqg4ge,75420.0298
65,gi2demjwgmge,75000
66,haztenzugqge,74019.2927
67,giztsobsg4ge,67487.4946
68,geytemjvgyge,65114.7654
69,gu3dknrrgege,63302.1069
70,g4ytmnzsgige,62588.6606
71,giztiobvgige,62475.2586
72,gyzdcnjsguge,60888.0985
73,gyztqmbwgene,60243.483
74,gezdonjthege,60008.4576
75,heytanbqgage,59429.99
76,gq2tkmbugqge,58960
77,gu2dkgenesis,57999.6989
78,gengyao12345,57125.3655
79,gu4dambygige,55695.704
80,geztoojrgage,54862.1403
81,g44dknjvgmge,54580.1595
82,ge4dsmzvguge,51431.6091
83,gm2dcobuhege,50035.6988
84,gezdqojwg4ge,49999.8779
85,gm2tcnbzgyge,49952.2161
86,gu2tiobqguge,49743.5553
87,gq2tsgenesis,49563.4299
88,gezdkmjzgene,49160.5728
89,gizdambrgene,45697.4595
90,gyzdomzsgige,43789.4177
91,giydomjqg4ge,43495.7797
92,guydcmjzgmge,41749.62
93,ge2dqojzgyge,41077.1179
94,gm4dmojugmge,40815.7476
95,he2dgnygenes,40692
96,ha3tknrtgene,40410.3648
97,bg5sbkbg5sbk,40110
98,gq3dimrug4ge,39999.6077
99,cryptolions2,39527.6055
100,ge4tqnbrgmge,36287.863
101,gy4dgnzsgene,35744.0701
102,geztmmzxgene,35618.5157
103,gyydmnrwgege,35005.1426
104,gm2dgnzrguge,34737.021
105,g44demzqgyge,34616.8166
106,ge2denzxgege,34467.2817
107,gyydcnjyg4ge,33462.9182
108,geyteojzgene,30860
109,g43tmnzzhege,30048.6106
110,g43dknrugene,30000
111,gi3damigenes,29999.9926
112,hezdcmjugage,29993.255
113,g44tgmzwgage,29977.2284
114,gi4tagenesis,28135.8502
115,eosisperfect,28004.3643
116,gu2tqmbugmge,27394.1547
117,ge2demjsguge,27313.0004
118,ge2tmnbrgyge,26386.8628
119,gu2dmojyhage,26108.66
120,hazdgmjwguge,26060.5415
121,ge4tsmrwhege,26042.1483
122,geztkojqgene,25924.8298
123,eosio.vpay,25793.4141
124,gy4tcmbzgene,25700.1476
125,heydsojyhage,25618.3976
126,gu3dsmbqgage,25318
127,ge4tmnrygmge,25000.5
128,ge4tinjwhege,25000.2794
129,giytoojqgmge,24899.3718
130,gu2tomzqhage,24509.5344
131,gy3tamzqg4ge,23855.3442
132,haytsobvg4ge,23546.5203
133,gm3tgobuhage,23330.3198
134,g4ydgobthege,23240.2
135,ge2dqnrwgige,23186.2943
136,haydqmbzhege,22891.26
137,ge3dkmzwgyge,22798.6107
138,ge4tomzvgyge,22748.5
139,hazdanjshege,22623.9922
140,gyzdknbyguge,22149.4122
141,gq2tgobzg4ge,22013.8602
142,ge3tgmbxgyge,21649
143,gi2dqnbqg4ge,21572.0653
144,ge3dimjugene,21564.1066
145,ha2dgobsg4ge,21423.3997
146,gezdoobxgige,21172.7195
147,gu3dgnbsg4ge,20491.9434
148,g4zdknrxg4ge,20420
149,eosshijiebei,20358.018
150,haydagenesis,20286.0001
151,gi2tonzwgene,20268.3862
152,gu3dgnzzguge,20187.1488
153,gezdimjwgene,20061.9565
154,gqydaobrgage,20061.5731
155,g44tgmbugene,20025.1958
156,gyzdenrxhege,20012.1623
157,gq3tqobtgige,20000.189
158,ha3dmmbzg4ge,20000
159,g44tmmjtgene,19999.6162
160,geytgnrzgqge,19990
161,giytknjtgqge,19989.7352
162,gyztsojuguge,19988
163,gu3tkmbwgmge,19800
164,guztimjvgage,19618.0266
165,ha4denqgenes,19429.1365
166,geztcmbsgige,19379.9867
167,guztcnzrgmge,19167.665
168,ge3dgmrugege,19088.472
169,gqydaobwhage,18690.8519
170,heztanjwgqge,18528.7973
171,gu2dgnztgmge,18496.9212
172,ge2tcnbtgyge,18298.3651
173,geydcnrtgege,18077.4256
174,g44tgobvhege,18026.5
175,gi4donztgene,17826.5802
176,gizdkmzqg4ge,17509.614
177,gu3dqmbxguge,17222.5
178,ge2tqmrqhege,17031.2812
179,gm4dmnjugene,16939.5325
180,gq4dcmjzhege,16906.6229
181,ge4tonjshege,16825.7421
182,gqytsobrgene,16665.5093
183,gu4donrtgage,16656.3743
184,ha2tenzsg4ge,16466.7217
185,gq4dinjugqge,16353.5654
186,ge2toobwgyge,16268.8459
187,g44dqmbygmge,16190.617
188,heztenagenes,15999.4314
189,gezdimrsgyge,15986.4101
190,gm2tcnjzhege,15890.3223
191,ha3toojug4ge,15849.2
192,geydsmrrgene,15829.8768
193,gq3dimzqgyge,15806.9
194,gu2tkmbugmge,15601.5595
195,guzdenjvhege,15545.9023
196,gq4dinzvgyge,15459.3273
197,ge3dgnjwgige,15324.9634
198,geztsmbzgmge,15304.0609
199,ge2doobshege,15285.306
200,gi4temrtguge,15157.4498
201,ge4tenjyhage,15109.9673
202,hazdknrzguge,15040.5858
203,gu2tsnjqguge,15018.236
204,gyzdkobrgyge,15010.1117
205,gqzdknjyguge,15004.4208
206,giztknzqgyge,15002.7159
207,guydambzguge,15000.0291
208,g44dqnygenes,14999.98
209,gq4dqmjqgmge,14998.7683
210,gy3tsmzugage,14938.1811
211,gizdcojzg4ge,14642.7774
212,g4zdsmzqgene,14574.909
213,giytonzxgage,14285.5911
214,ge2dqojrguge,14195.5435
215,g4ydamjrgege,14191.3376
216,googolgoogle,14103.6126
217,haydgnjugige,14097
218,gy2dqnzthage,14071.8507
219,gu3dqmagenes,13788.044
220,gq4tqmbygmge,13631.1581
221,gqytqnjtguge,13609.7572
222,geydqojwhage,13460.7929
223,ha3tanjzg4ge,13301.5784
224,gyztkmzrg4ge,13265.0301
225,gizteojrgage,13241.8936
226,ha2tkmzsgege,13182.1075
227,ha3tcmrrgqge,13134.9785
228,g43denzzhage,13099.8064
229,ktl2qk5h4bor,13010
230,giytgnzwgqge,13002.2616
231,ge2dmobwg4ge,13001.3439
232,ge3tmnrygage,12999.7961
233,gqztknygenes,12809.186
234,ge4donbqgmge,12700
235,ge2tgmzsg4ge,12636.3081
236,heydoojygmge,12267.0544
237,gy3dmmrxgqge,12156.4841
238,gqzdcmzxgmge,12010.6795
239,haytgmjzgyge,12000
240,gq4dqnzrgage,11999.7947
241,ha3dgnjugige,11717.2191
242,ha4doojqgene,11609.0998
243,gq4dmnjsgene,11608.4582
244,gmzdeobyhage,11354.7184
245,g4zdemrvgege,11305.5536
246,g43tcmrzguge,11279.789
247,ge3denjygqge,11231.9178
248,ge3tcojxguge,11094.0385
249,gi3tggenesis,11029.9698
250,g43tqnzrgmge,11028.3359
251,gu3tcmjxhage,11007.8802
252,gizdmmrvgqge,11006.6153
253,gm3domzvgige,10984.1504
254,gqydonbzgqge,10948.0171
255,ge2dqobtguge,10916.2024
256,gy2dcmrtgmge,10799
257,gu2timjtgmge,10730.5
258,gezdomztgige,10490.0038
259,gq2tqnjyhage,10467.934
260,gezdsobuhage,10426.1913
261,gyzdonbshege,10418.7016
262,gqydoobygyge,10412.7494
263,g42dsnztgene,10409.2491
264,gyzdamzzgage,10371.639
265,gqzdagenesis,10359.2964
266,gmytcmbwgage,10317.5701
267,ge2timbrgqge,10315.3834
268,heytenbzgige,10275.9135
269,gqztqmzvgege,10257.0213
270,guzdamzshege,10237.9435
271,gq4tsmjqg4ge,10217.6784
272,gu4dimrthege,10208.7994
273,gezdinzqgene,10179.6676
274,ge4tsnzqgqge,10176.293
275,yanyanyanyan,10100.9068
276,ge4dsobzg4ge,10098.5858
277,gq3dcmjsgege,10092.4418
278,gq4dqojyhage,10075.8017
279,ge4dinjvgqge,10060.6449
280,gu3tcnjvgqge,10055.2257
281,geztamjthege,10046.062
282,gyydimrxgene,10030
283,giztgnbqhage,10024.175
284,gmzdanrsgige,10018.0746
285,gyytinbuhege,10017.6279
286,ha4tinbzguge,10011
287,geydsobrgege,10006
288,gezdenjsgige,10004.5253
289,gyztonzqgmge,10003
290,haztomrrg4ge,10001.2761
291,g42tgmagenes,10000
292,gq2dcmzzgene,9999.9921
293,ge2tcnjrgyge,9999.952
294,g44tenbzgage,9999.8
295,geztcojsguge,9999.7948
296,gq4dqobqgyge,9999.7947
297,g44dgnrwgige,9999.5
298,gi2dqobvgyge,9999.2663
299,gyztknzxgage,9997.7756
300,gu3tenjtgqge,9989.7803
301,ha2tmnrugqge,9984.3908
302,gyztkobsgyge,9938.9482
303,gmztgojxgyge,9907.3124
304,ha4tamjqhege,9807.3324
305,heztamjvgege,9799.5
306,ge2dinzrhage,9731.798
307,ge3tcnrwhage,9652.1671
308,gu4dgnrvgmge,9639.5733
309,haytmnjwgyge,9616.9345
310,eoscanadacom,9600.451
311,gi3temjvgqge,9558.3913
312,gyzdimzqguge,9557.3988
313,gyyteobrgige,9530.6608
314,gy4dmnjqgyge,9521.0907
315,g44tmobvgage,9500.7806
316,guzdqmztgage,9434.3662
317,gyzdonqgenes,9384.5453
318,gu3dcnbsgmge,9366.6043
319,eosauthority,9351.6802
320,eosio.ramfee,9317.6955
321,gm2tmmrrg4ge,9148.8379
322,gy3dknbzhege,9102.28
323,ha2dimbqg4ge,9052.6187
324,gy2diojyhege,9001
325,gu2dknrrguge,9000.283
326,gm2tsojtgene,8934
327,gyytsnbzhage,8908.4202
328,gezdomrygmge,8856.2847
329,gqydqobxguge,8844.7091
330,ha3dcnjugene,8838.8047
331,gy2diojtgige,8834.1631
332,gy3dqmjzhege,8750
333,ha3dmojqg4ge,8732.3514
334,geztqnzyg4ge,8727.8729
335,gy4tsnigenes,8702.0081
336,gu2dimbugyge,8598.6134
337,eos42freedom,8550.3621
338,gy4tqmzugage,8539.8814
339,heydiobzgene,8535.1
340,ha3danzygege,8500.2705
341,gm4denjtgene,8400.0288
342,geytenrtgene,8395.9226
343,eosnewyorkio,8384.6726
344,ge2denbtguge,8350.5
345,cypherglasss,8315.4862
346,guytiobzguge,8310.279
347,guzdomrugmge,8212.0384
348,gy3tgmigenes,8206.8189
349,gmytmnzvgene,8191.7589
350,gqztanrtgqge,8179.2094
351,heztanrtgyge,8116.8577
352,eoshuobifund,8100
353,gy3tqnrygege,8091.3267
354,geydmnbrg4ge,8046
355,hazdgnzsgmge,8010
356,gq2tanrxguge,7991.9357
357,gqztoojsgmge,7909.7799
358,g43timzrhage,7820.428
359,gyztembrgyge,7757.696
360,gyytmnbwgige,7622.6626
361,gy4daobxguge,7583.3104
362,gu2domjvgage,7547.5116
363,gy2dcmjshege,7513.751
364,gqydqnbuhage,7504.668
365,g4zdgnjyhege,7503.8836
366,g44dgobugege,7494.0028
367,heydenbqgege,7461.8576
368,gqztimrtgige,7433.2437
369,gq2tcojvg4ge,7393.6515
370,gyzdsojuguge,7341.5253
371,gqztomrygqge,7327.5549
372,haytqnjug4ge,7277.9206
373,haytgnzrgyge,7267.1827
374,gm3dmmzsgege,7262.4042
375,g4zdqobuhage,7234.783
376,ha3tcmrwgqge,7197.5796
377,zbeosbp11111,7097.5919
378,ha3dqnbtgmge,7087.3421
379,gq3dinjsgmge,7008.8
380,gy2tinrrgege,6999.7502
381,gyztqmzwhege,6960.4279
382,eosbeijingbp,6948.6669
383,ha2tcnbzhage,6941.4306
384,gm3dknzrgage,6934.5561
385,g44tinjsgqge,6930.7736
386,argentinaeos,6915.2263
387,gm3tonrzhege,6899.02
388,gmzdinjvg4ge,6896.9452
389,gqytgnbrgage,6881.6885
390,gm4tqnjzhage,6770.8449
391,ge3doobshage,6768.0431
392,ge3dsmzugmge,6746.7948
393,hazdsmjugmge,6745.987
394,ha3dqobzhege,6739.7243
395,gu4dcmbwguge,6708.2918
396,hazdmobtgyge,6678.6142
397,ha4dknbrgege,6661.5243
398,gezdanbwg4ge,6608.6774
399,gq4tqobthage,6606.5918
400,gezdambzhege,6604.3114
401,gq3tgmzwgmge,6525.7741
402,gezdambxgege,6500.3802
403,g42dambzhage,6499.0357
404,geztsnjtgige,6491.0151
405,hazdembzhage,6455.2042
406,gezdgnjqgige,6423.4211
407,ha2tkojrhege,6392.0718
408,gq4dknzsgage,6380.2795
409,ge2dcnzzgage,6345.9196
410,gq2dgnjwgage,6330.5559
411,gy3tinjqgmge,6324.396
412,eosliquideos,6255.113
413,giztgnzqg4ge,6215.3921
414,ge3tanbrgmge,6199.6367
415,eosstorefund,6138
416,eosisgravity,6062.1127
417,gy3dmnrwguge,6051.6966
418,heydknzxgqge,6040.6455
419,ge2dcnrvhage,6031.4254
420,g44toobwgege,6025.8392
421,ha4donrqg4ge,6000.776
422,gu4dqnzygmge,6000
423,ge2dsmrxg4ge,5999.783
424,heydqmbtgqge,5999.2796
425,gm3taojqgage,5995.7809
426,ha3dgnrygene,5989.6846
427,hazdgmrzgmge,5961.643
428,gm2domjqgage,5920.5404
429,gm3dcmzqhage,5905.9007
430,gm2dkojrgmge,5895.6419
431,gy2dcobzgyge,5869.9
432,geydsnrvgene,5852.0848
433,hazdkmjwgmge,5811.2509
434,gq4dknjuguge,5802.6556
435,gqzdinbugage,5801.844
436,gm3damjqgene,5785.3854
437,gu4tqnrtgqge,5765.3416
438,heydsnbxgmge,5759.3111
439,ge3donbqhege,5727.0387
440,g4ytsmzsguge,5717.3571
441,hongkongboss,5694.368
442,ge3domzzgene,5644.6
443,g4zdinjygyge,5636.8054
444,gy3toobzgege,5574.8108
445,ge2tgnztgige,5566.7658
446,haztknrygige,5566
447,guztiojzgqge,5523.4874
448,guytqmjyhege,5503.4088
449,gyydkojugege,5503.3874
450,eosio.bpay,5485.1495
451,gy2dcmzwgage,5425.1684
452,geytknqgenes,5423.5802
453,gm4dinzshage,5386.2281
454,haydaobxgege,5385.8121
455,geztinzqguge,5381.1771
456,g44tkmzygage,5337.7348
457,gm4tanjtgige,5317.5919
458,gqztcmrugege,5312.3856
459,gi3dmoigenes,5306.523
460,gezdcojugene,5264.8016
461,ge3teojrg4ge,5245.1272
462,gy2danzrg4ge,5226.1905
463,g44tgnjvgage,5200.2676
464,geztgmjygqge,5168.3976
465,gm3tgmrvgage,5144.12
466,he2tanjwgene,5127.8073
467,gyytmmbsguge,5117.9182
468,hazdenjwg4ge,5104.0488
469,gy3dmmzygige,5076.5789
470,haytonbsgage,5069.5
471,gu2danzvg4ge,5062.007
472,gu4tkmrrg4ge,5061.4808
473,hazdaobqg4ge,5032.9661
474,geytsnztgmge,5028.3022
475,gyytknjqgyge,5027.8606
476,ge2tmmzvgege,5025.3621
477,heydemrwhege,5025.0236
478,geytmmzygene,5021.3315
479,gu4dinjwhege,5017.5799
480,giztombvgmge,5010
481,ge2tqmjqgqge,5007.9581
482,gqydgmjugene,5001.0533
483,geztcmrwg4ge,5000.7615
484,gy2tkmrthege,5000
485,g4ydmmryguge,4999.7757
486,eoshshanshan,4999.35
487,gmytsobtguge,4990.4769
488,gyzdmmrzg4ge,4989.0002
489,bitfinexeos1,4980.8201
490,gm2tmnbzhage,4964.688
491,upbitwallets,4934.2474
492,giztsnzshege,4915.8151
493,gu3tcmbvgyge,4913.0278
494,haztkmzygege,4879.7326
495,heydsmrwgqge,4860.7857
496,gqzdoobzgage,4858.9747
497,geztcnrqhage,4802.7005
498,gy3dqmzqg4ge,4796.2328
499,eosswedenorg,4794.6873
500,ge2dmojsgage,4788.4552
501,gi2tcnjwgmge,4771.958
502,ge3dmnrzgige,4769.4959
503,hezdenzqhege,4762.8076
504,gm2diobtgmge,4751.2258
505,gyzdemzyhage,4720.4
506,haydkmjzgige,4713.4008
507,vhlypfwntzm5,4700
508,giytknjqgage,4671.8182
509,gy2donbvhage,4668.2568
510,guzdknjqgege,4640
511,g44dmmzygige,4621
512,g43tgnbygage,4588.4153
513,gy2damrvguge,4583.5338
514,haytcnrzgege,4558.0015
515,gu2daobxg4ge,4553.1108
516,gy3doojxgene,4516.8898
517,gyztenrtgige,4490.0127
518,gu4dkmztgige,4459.3643
519,ha3tsmzthage,4458.3598
520,ha4dsnzyg4ge,4451.2031
521,jedaaaaaaaaa,4439.1876
522,gyzdsnrwgige,4436.7528
523,gu3dkmrxgmge,4421.6974
524,gm2tkobtgene,4420.3547
525,gi2dsnqgenes,4406.3214
526,gqztmmrxg4ge,4397.878
527,hazdonbtgyge,4382.0798
528,gu3taojvgege,4381.0624
529,zhouminxiong,4375.7655
530,gyytambtgege,4375.6472
531,haydemrvgage,4361.7003
532,kaikaixinxin,4321
533,haytkojwhage,4307.718
534,g44tgnrzgage,4299
535,g44tsmrshage,4289.8588
536,g42tcnbxgyge,4267.4072
537,gizdenbqgene,4241.5338
538,g44tgnzvgege,4218.1302
539,ha2tcnzyhege,4208.6118
540,gu3dqmjzguge,4207.9518
541,ge4teobsgyge,4192.4531
542,geydsnbugyge,4189.4829
543,gqztmmjygene,4185.3097
544,haytoojwgige,4178.7983
545,gy2dgojxg4ge,4177.2983
546,hazdgobsgyge,4158.5869
547,gm3tgmzxgqge,4154.8527
548,g44taobyhege,4140.3329
549,haydknzthege,4133.0801
550,gu4tcnbrgege,4123.5372
551,hazdgnjzguge,4113.3401
552,guztknjxgige,4100.3438
553,ge2tsmbzgage,4094.9552
554,gy2tanbxgmge,4085.876
555,heydomzsgige,4033.6522
556,geytgnjtgege,4029.354
557,ha4tqnrthage,4025.0662
558,likunyingeos,4023
559,eosyskoreabp,4015.1362
560,gu4denzuhage,4010
561,gy3deobrg4ge,4008.76
562,gy2dcmbvhege,4002.8975
563,gy2dinzqgege,4001.9979
564,geztmnjvgyge,4001.1211
565,gu2damjzgige,4001.1077
566,gizdgnagenes,4000.682
567,gy2tmojsgege,4000.1395
568,ha3tmmjqgige,3999.9856
569,gqztcobsgqge,3999.8
570,gqzdqmzuguge,3999.5
571,gy2dcnjygage,3998.966
572,gu2dimjzgyge,3998.6717
573,gu2donzygqge,3997.7
574,gyydqobwgmge,3996.7595
575,ge4tknjzgene,3988.5921
576,gy2tooigenes,3959.4729
577,geztiobqgmge,3950.6279
578,heytimztgqge,3949.6543
579,heydmnrvgage,3937.5271
580,giydanzzgene,3924.0415
581,haydiobthage,3904.0421
582,gu2denjuhage,3896.4563
583,ge2tiojyhage,3888.1824
584,gm2damrzgyge,3887.8
585,ge3dimbwhege,3882.5324
586,tokenbankpro,3878.4404
587,g43dmmrygige,3871.777
588,gqydknjzgige,3867.0918
589,gm4tknigenes,3864.7955
590,hayteojzgmge,3831.9291
591,ha4tkmbugqge,3828.74
592,gmytqmigenes,3825
593,gy2daobrhage,3818.5004
594,ge3dgmrqgege,3807.5564
595,haydcnbsgmge,3801.5262
596,gqytqobqgene,3772.5921
597,gyztomzugqge,3769.7948
598,gy4tmnbwguge,3748.5173
599,haydcnrvguge,3745.3407
600,guztiojwgige,3740.7311
601,gm4dcmbtgege,3730
602,ha2dgnzzgmge,3724.6239
603,eosnodeonebp,3724.1694
604,gu3tcmbshage,3720.1172
605,gm2tmmbygage,3715.038
606,gy3tsnbzguge,3702
607,haztonzrgene,3702
608,guytqmjwhege,3647.0549
609,gu2tmnbygene,3639.6712
610,gq4dcmrwhege,3637.5992
611,g4ztkmjwgige,3634.8806
612,gq2tmobzguge,3633.6107
613,geztcnjvgege,3626.4011
614,geytmnjvguge,3610
615,gy2tonrrg4ge,3608.6588
616,eos121wallet,3600
617,ge2tiojvgege,3559.2671
618,teamgreymass,3545.3974
619,gu2tqmzrgage,3544.068
620,gq4tcmbqg4ge,3534.8815
621,hazdmmzrgage,3534.86
622,gu2tonjshege,3534
623,ge2tiojzgege,3531.691
624,gyztgmbrgqge,3513.9888
625,gy3tanbwhage,3508.3178
626,gi3diojrgqge,3508.0024
627,guztqmrrgene,3500.85
628,gu3tqobqgige,3500.0222
629,gyztemzwgage,3500
630,geztamjqgege,3499.9817
631,gezdonzygage,3486
632,gq4dqnrzgige,3458.6693
633,gm2tqnrqhege,3453.0888
634,ge2tgnbqguge,3448.9021
635,gu4domrzgqge,3428.4344
636,gmztcobxhage,3415.3396
637,gizdemjxhage,3408.3961
638,gqzdgojsgene,3397.6097
639,gqydsmbugage,3391.8754
640,g44tsnrtgege,3389.5449
641,ge4dimjxgene,3375.88
642,gy3denzrgyge,3363.2041
643,gyzdqmjtg4ge,3354.3666
644,gi3donrqhege,3342.225
645,ge4denzrgage,3339.6907
646,gq3dknqgenes,3318.2167
647,g44dgnbxgyge,3313.2962
648,gyzdgmrsgyge,3309.5693
649,cryptolions1,3306.5738
650,gyzdqmjugage,3297.2185
651,gu3tcmrygage,3293.6759
652,geztgmbqhage,3288.312
653,g44dsmbxguge,3273.164
654,gu4dcnjsgage,3261.5483
655,gy2diobshege,3250.9617
656,ge2tgnbxhege,3248.846
657,guytomrzgage,3247.0995
658,guytinjwgige,3233.6558
659,mariusactive,3217.5351
660,gi4doojzgqge,3210.0412
661,gu2doobugage,3204.0353
662,gu2tqgenesis,3192.1348
663,gqztqnbuhage,3181.2642
664,gmytimbrg4ge,3176.7121
665,gy3tcnbqhege,3160
666,gyzdmmjvgmge,3159.5
667,gyytsnbvgege,3146.4037
668,gyzdanzzgage,3145.5349
669,gu2dgmrsgige,3141.0217
670,g44tmnzsgege,3135.3105
671,heytaojwgqge,3134.0542
672,gqydmgenesis,3129.8949
673,gm4dmmjxhege,3117.142
674,haztmmbsguge,3101.844
675,hazdiobtgyge,3097.6754
676,ge2dqmrwgage,3097.5516
677,gmytmmrwgene,3072.4458
678,gu3dknruhage,3068.0189
679,ge3dcnzzhage,3067.7356
680,geytimrqgege,3060.2893
681,g43timrxgige,3060.0772
682,g44tmojvgage,3049
683,haztknbxg4ge,3048.4002
684,g42tknjzg4ge,3032.803
685,haydmnzzgege,3030.5226
686,s21xlk3ysami,3030
687,gezdanzsg4ge,3028.4373
688,gu3diojrg4ge,3023.5546
689,cryptoaction,3009.5938
690,g4zdsmzygige,3009.5725
691,ha3tcnzrgage,3009.2751
692,ha4tcnbwg4ge,3007.9218
693,gu4donzugqge,3007.0166
694,gu3dmmzwguge,3006.7
695,guztsnbqgyge,3006.4026
696,geztonjvgqge,3005.4721
697,hezdmnrxguge,3004.0133
698,ge4tgojygege,3004
699,g4ztcnrzhege,3003.1878
700,g44tgmbygege,3001
701,ha3dqnrugege,3000.2
702,ge3tinzzgige,3000
703,gezdsobxgege,2999.8
704,giytkmbsgyge,2999.7944
705,gu2dsnzthege,2999.7511
706,gq4tamzygage,2999.6752
707,guztgojuhage,2999.4542
708,g4zdomjzhege,2998.344
709,guzdqnbxgige,2998
710,eosblock2345,2994.05
711,giytgnjqgege,2988
712,gq4dsnjwhage,2987.0721
713,gm4tmnryguge,2985.6484
714,ge4dqnjvgqge,2979.3511
715,hezdemrwgige,2968.4142
716,gq2demjtg4ge,2963.7812
717,cannondevops,2960
718,gy2dkobsgege,2953.021
719,gq4dcobvhege,2950.9541
720,eosheizhuang,2943.3342
721,gq4tcojuhege,2936.6972
722,ge2damzxgmge,2932.2002
723,aus1genereos,2931.7524
724,gqydqnjxgige,2900.9265
725,gy3tmobwhege,2900
726,haytgnrvgmge,2889
727,gu3tgojqhege,2869.1077
728,ge3damjrgyge,2864.924
729,ha4tinbrgege,2845.8085
730,gqytcmbrgage,2828
731,ge3temzxhage,2821
732,haytmnzyguge,2813.4099
733,eosiomeetone,2810.8503
734,gezdqobzgqge,2806.3482
735,ge2teobqhege,2805.4806
736,gmytqnbsg4ge,2802.2405
737,ha2tkmrsgige,2792.5781
738,guztsnbqgege,2786.4838
739,gm3dimrxguge,2778.8494
740,giydanzwgqge,2775.0769
741,gyytqojrhege,2770.0081
742,gezdgmzugyge,2746.414
743,haztgmbrgige,2725.4041
744,gm2tqojygyge,2723.8065
745,g44diobuhege,2713.4498
746,gyzdaojug4ge,2700.0996
747,g44tcmbtgage,2695.9335
748,ha2dmnbugyge,2688.8433
749,gu3dqmjzgyge,2650.6507
750,hazdcmzzgage,2650.5
751,gyztgnrqhege,2645.882
752,haztemzzguge,2627.745
753,gyydknzvgige,2610.4728
754,hazdcojvgqge,2609.8858
755,ha4dgnjuguge,2607.9576
756,gu3dqojugmge,2607.2553
757,gq2denrzgage,2605.2031
758,ha3tamrsgage,2603.9702
759,g43tenbugyge,2601.6824
760,heztkmbygene,2586.786
761,gu3dcojrguge,2569.8749
762,ge3diojqgyge,2566.0353
763,gm4tonjwgmge,2554.4206
764,he2tgmbsgene,2547.5591
765,gq2daobzguge,2545.0452
766,eosfishrocks,2541.6152
767,gy2dknrzg4ge,2518.855
768,gi4tcmrvgene,2513.1803
769,ge3denbxhege,2510.6185
770,gi4tonzwgege,2504.4765
771,guztiojygqge,2499.5745
772,ha4timjzgage,2499.4758
773,gy4tqmjrg4ge,2493.181
774,ha3tiobtgqge,2492.9192
775,gu3tgnzrgige,2488.4284
776,gu2toojtgege,2485.2585
777,guztsobxhage,2479.2378
778,gmytsnjyguge,2468
779,g44tgmbsg4ge,2465.9677
780,gi4diobygene,2464.1
781,g44dqmzzhege,2461.3935
782,hazdcmzwguge,2458.6588
783,g43dkmjrgmge,2454.0793
784,gy3dgojvgige,2443.3512
785,g44dqojsguge,2437.8527
786,gq4tsmbtgage,2434.4347
787,gqztinjsg4ge,2433.5716
788,gy3dcnzvgege,2417.5424
789,eosamsterdam,2416.7326
790,he3tanygenes,2413.0962
791,gq4tkmzrhege,2409.4003
792,gyytmnjsgmge,2401.3688
793,ge3dgnbzgmge,2400.5865
794,gyzdqmjvgige,2398.1477
795,hazdaojvgmge,2394.9513
796,g44tinjug4ge,2389.7129
797,ha2tmnjshage,2388.2464
798,gmytgmrvgyge,2386.5426
799,g44tqmbqgage,2383.3447
800,ha4temzygyge,2383.2643
801,g44tkmrqg4ge,2381.8898
802,g43tsnzrgyge,2373.9111
803,gm3tcmzsgage,2364.973
804,ge2toobwg4ge,2351.04
805,g44dgojtgqge,2351.0288
806,ge3tamrugage,2350.2206
807,ha4tcmjvgige,2338.5803
808,ge4dinrxgene,2332.5255
809,gm4dqojsgege,2328.3356
810,g44tqnbrgege,2325
811,ha4danbvgqge,2321.3855
812,gm4tmnbwgige,2318.7951
813,ge2tknrwguge,2306.8818
814,gq2donzrhage,2305.2768
815,gi3tonjuhege,2300.4853
816,gqzdqgenesis,2298.9787
817,guzdgnzygyge,2296.1187
818,g4ztomzvgage,2295.728
819,gyzdmnbtgmge,2292.8058
820,g44tknzug4ge,2285.6116
821,gmzdmobrguge,2282.4044
822,gu4tqojrgyge,2281.4131
823,eosgenblockp,2278.4905
824,debugfuture1,2260
825,g43tinbqgage,2259.777
826,haytimzxgage,2259.6336
827,gyydsmbtg4ge,2258
828,gmytmmbxgige,2250.159
829,gu3tkojygmge,2242.5112
830,gu4dgmrxgmge,2235.4169
831,geydknbthege,2231.7953
832,ha3dcnqgenes,2230.9678
833,gyzdcnbygege,2230.6922
834,gqztcojvguge,2213.8
835,heydomjxgyge,2213.5
836,g43dqnrsgyge,2212.032
837,ha2dmnjshage,2211.9223
838,gy2dqmrtgyge,2205.9231
839,haydinbsguge,2203.9507
840,ha4tombqgege,2199.767
841,vnchnsw5452h,2199.377
842,gy2dgmzqhage,2187.7987
843,gqztcmjqhege,2186.07
844,gu2timjvgyge,2183.1303
845,g44tinrshege,2174.5926
846,gy2dknbsgmge,2162.0854
847,gezdmnbtg4ge,2158.1407
848,guzdmojygige,2157.1642
849,gy2dcmbsgage,2147.5516
850,gy4tanbxgage,2142
851,gm3tcnjqhage,2140
852,gyydenigenes,2134.5789
853,ge3denzygyge,2128.256
854,gq2tenagenes,2124.369
855,gi4tanrzgege,2117.9132
856,guzdanbuhage,2112.5088
857,gu3dimbygige,2107.8633
858,g43tanzqgqge,2102.8046
859,gyztkmrsgmge,2102.7446
860,gy3tmnzwhege,2099.5
861,hazdgmjtgyge,2099
862,gm4dkobrgqge,2098.8127
863,gq2denbqgege,2093.6185
864,gq3tcobxhage,2092.5076
865,gm2tkmjtgmge,2089.7282
866,gyztonzzgyge,2088.38
867,rknf4vlz2ua2,2084.8809
868,ge3dmnztgqge,2075.5875
869,gi2denbrgene,2075.2232
870,gyytsobugene,2072.6988
871,gy2tqnjwg4ge,2070.8006
872,haztqmbqgige,2068.9152
873,ge4tgobxgyge,2061.5787
874,ha3dcnzqguge,2055.3176
875,gi4tinjzgege,2054.4245
876,gyztomzwgmge,2048.2136
877,gu4dgmbwgege,2047.4268
878,g4ytonjygege,2044.489
879,geytqnrthege,2039.5081
880,geztkmbtgege,2038.0458
881,gy3domrugmge,2037.2394
882,gu3tioagenes,2031.8397
883,gu3dgnztgqge,2024.6181
884,gm3dinjyg4ge,2019.6926
885,giydsnzrguge,2019.4941
886,g44dqnztgqge,2016.9511
887,ge4tenbyg4ge,2010
888,eosio.names,2009.964
889,gezdqnrxgmge,2008.6757
890,geztqobuhage,2008.0767
891,eoschancekim,2005.1534
892,gqztinrqgige,2005.091
893,ge3tsnbvhage,2003.8143
894,haztamzwg4ge,2003.6035
895,gu3dimrrgege,2003.6
896,guztqmzxgmge,2002.3079
897,gq2dsmrqg4ge,2002.2148
898,gyydmmbygige,2001.6457
899,gm4damzxgene,2001.3666
900,g44tsobuguge,2001.2012
901,gm3dsmzyhege,2001.1849
902,geytqnzuguge,2000.7859
903,ge3dqobsgage,2000.747
904,ha3dcojwhage,2000.7129
905,gq3dcnzrhege,2000.6962
906,divinelight1,2000.6
907,g44dgmrsguge,2000.5046
908,geztinjwgage,2000.396
909,gq4dsmzthege,2000.1557
910,gyzdcmjuhage,1999.7959
911,g44dmojxhage,1999.7941
912,gu4dmojyguge,1999.7516
913,geztqojrgage,1999.7426
914,gyydmnzqgyge,1999.7204
915,g44dgnbzguge,1999.6612
916,geytcmbrguge,1999.6575
917,ge2dcmrtg4ge,1999.5383
918,gyydambtgene,1999.5
919,ha3dsobqgege,1999.2799
920,heydkobsg4ge,1998.5
921,gy2dcmzzgege,1998.2963
922,gyztkojvgmdd,1998
923,g43tonjygmge,1997.6138
924,alibabajdeos,1996.7503
925,gy3tqmrug4ge,1993.9387
926,gm2tmojtgene,1989.1084
927,heztcmbxgqge,1988
928,geztsojugige,1986
929,guzdqojtgqge,1981.0368
930,gizdknjqg4ge,1980.0954
931,ha3damrqgqge,1975.523
932,heydcojzgmge,1966.7224
933,gyytmnzrhage,1960.8696
934,gqztgmrwgage,1954.4304
935,blnonmpdhxno,1950
936,geztanrxhege,1948.1419
937,gezdcnbtgene,1946.4454
938,gu4tcnzuguge,1945.6372
939,eosphereiobp,1945.2682
940,haydkmjqgmge,1943.7249
941,gi4tkmbrgage,1941.296
942,gy3domrzgmge,1940.8273
943,ha2tsnjqguge,1939.776
944,gyztkmjzg4ge,1933.9648
945,gq2dkmzthege,1926.4691
946,gyztqojwguge,1925.4973
947,gu4tkmbvgyge,1913.3061
948,gq2tembtguge,1911.8312
949,giydanqgenes,1908.4099
950,gu3dsnjxg4ge,1903.3941
951,gq3tombvhege,1903.385
952,ge3donjvg4ge,1899.5778
953,g44tiojzgqge,1889.7941
954,gyzdenjsguge,1876.7649
955,geyteobsgene,1876
956,gq3tsnbwgyge,1875.8323
957,gi4dsnbqhege,1871.461
958,gmztmnjtgage,1866.7736
959,g44tqnrqgege,1866
960,gmytkmzxgmge,1865.5777
961,ge2tqojxgage,1858.0262
962,chainceout11,1851.6974
963,gq3teojvgyge,1851.6646
964,eoscannonchn,1850.6675
965,cancapitalop,1850
966,g4ytoobvgene,1848.6535
967,gu4tgmrsgige,1848.3703
968,hezdomzvgyge,1845.8867
969,gmztemzvgige,1843.5898
970,giytmmbugene,1840.5373
971,ha2tenzxgyge,1830.694
972,guzdsnjwgyge,1830.6001
973,gy2dcmjvgage,1830.4465
974,gu3dgmrqgage,1827.7721
975,bitcoinadmin,1827.0222
976,gqytqmbxgyge,1803.1
977,ydf54v2bx55a,1801.9138
978,gq4tenbwgage,1800.9599
979,g4ydmmjvgage,1799
980,g4ydkojuhage,1799
981,gu3dqobqg4ge,1798.5288
982,g43tinrwhage,1798
983,ge2tqmjwg4ge,1796.6423
984,hazdknrzgqge,1776.26
985,g42toojyhage,1774.0554
986,geztqmbwgage,1769.2953
987,gyztqnjrhage,1766.3941
988,gyydimztgmge,1757.4455
989,gu4dgmbqgege,1756.6024
990,ha3tknrygyge,1755.0425
991,gq2tcnjtgige,1754
992,chainceout12,1751.7443
993,gm3tsobqgmge,1750.9622
994,hazdgnryhage,1750.883
995,ge4dimbqg4ge,1749.3631
996,gi4tkojxgyge,1747.3444
997,g4zdqnzqgige,1736.768
998,haydkmrygyge,1736.2132
999,eosdacserver,1733.6291
1000,ge4tgnbqgyge,1729.9516
